PSH item number;Item number;Item no. customer;Free stock NL;Free stock ES;Free stock FR;Free stock PL;Free stock UA;Free stock GB;Free stock CN;Price;Originalnumber;Originalnumber;Originalnumber;Originalnumber;Originalnumber;Originalnumber;Originalnumber;Originalnumber;Originalnumber;Originalnumber
010.501.110.605;BPD312ARS103;;0.00;;;0.00;;0.00;;474.28;010501110;BPD12VOLT;BPD312ARS103;S181725;S181726;S181727;;;;
010.519.103.018;RNLF006AL0502;;0.00;;;0.00;;0;;49.23;010519103;042180;F006AL0502;RNLF006AL0502;S181761;S181762;S181763;STB1752;;
010.539.122.210;9.004.475.046;;1.00;;;0.00;;0.00;;75.41;010539122;9004475046;BOS9004475046;S152240;S168065;S168066;;;;
010.540.093.100;LRS271+;;0.00;;;0.00;;0.00;;59.84;010540093;25698;30279;904078;LRS00271;LRS271;S182151;S182152;S182153;SS218
010.543.093.110;447115144763+;;0.00;;;0.00;;0.00;;85.16;010543093;447115144763;S143458;S168075;S168076;STR31002;WOOSTR31002;;;
010.545.100.010;0.001.230.024+;;0.00;;;0.00;;0.00;;188.49;0001230024;010545100;26023113;920713;S143464;S168077;S168078;STR50417;WOOSTR50417;
010.546.092.010;0.001.221.001+;;0.00;;;0.00;;0.00;;66.74;0001221001;010546092;S143465;S168079;S168080;STR50503;WOOSTR50503;;;
010.547.092.000;D9E150+;;0.00;;;0.00;;0.00;;63.97;010547092;438125;D9E150;S143468;S168081;S168082;STR54094;WOOSTR54094;;
010.550.113.100;010.550.113+;;0.00;;;0.00;;0.00;;36.82;010550113;25159;25185;S143469;S164959;S164960;STR56043;WOOSTR56043;;
010.553.000.030;9000982+;;0.00;;;0.00;;0.00;;36.36;010553000;9000982;S143479;S168093;S168094;STR60203;WOOSTR60203;;;
010.556.102.050;428000-6670+;;0.00;;;0.00;;0.00;;101.72;010556102;4280006670;S143488;S164965;S164966;STR70345;WOOSTR70345;;;
010.558.100.150;MDW4001+;;0.00;;;0.00;;0.00;;117.37;010558100;110655;1113521;160539;46138;46371;5293;91061910;MDW4001;MDW4001M
010.565.000.150;46177+;;0.00;;;0.00;;0.00;;299.19;010565000;160622;46177;5635;906616;MEJ8001B;S143530;S168127;S168128;STR81051
010.573.123.200;010.573.123+;;0.00;;;0.00;;2.00;;284.92;010573123;S143570;S168155;S168156;STR57046;WOOSTR57046;;;;
010.574.103.200;010.574.103+;;0.00;;;0.00;;1.00;;311.83;010574103;S152242;S168157;S168158;STR57045;WOOSTR57045;;;;
010.575.110.200;010.575.110+;;0.00;;;0.00;;0.00;;108.63;010575110;S143572;S168161;S168162;STR54033;WOOSTR54033;;;;
011.506.000.710;0-61000-0350;;0.00;;;3.00;;0.00;;357.96;011506000;0610000350;S182283;S182284;S182285;;;;;
011.517.110.310;IS9047;;0.00;;;0.00;;0.00;;163.63;011517110;11130202;11139055;121306091;72736208;AZK5525;AZN5602;IM6091;IS9047;MS580
012.001.102.200;012.001.102+;;0.00;;;0.00;;0.00;;53.16;012001102;PC2112R;powersports;S129929;S168616;S168617;;;;
012.002.092.200;012.002.092+;;0.00;;;0.00;;0.00;;58.17;012002092;PC2114A;powersports;S129930;S168618;S168619;;;;
